time_ms,cpu_usage,active_workers
0,10,1
11,10,1
21,20,2
31,20,2
41,30,3
52,30,3
62,65,4
72,65,4
82,75,5
92,75,5
102,85,6
112,85,6
122,85,6
133,85,6
143,85,6
153,85,6
163,85,6
173,85,6
183,85,6
193,85,6
203,75,5
214,75,5
224,100,5
234,100,5
244,100,5
254,100,5
264,100,5
274,100,5
284,100,5
295,100,5
305,100,5
315,100,5
325,100,5
335,100,5
345,100,5
358,100,5
368,100,5
378,100,5
389,100,5
399,100,5
409,100,5
419,100,5
429,95,7
440,95,7
450,95,7
460,95,7
470,80,8
480,80,8
490,80,8
500,80,8
510,80,8
521,80,8
531,80,8
541,80,8
551,80,8
561,80,8
571,80,8
581,80,8
592,80,8
602,80,8
612,80,8
622,50,5
632,80,8
642,70,7
652,80,8
662,70,7
672,70,7
683,95,7
693,95,7
703,95,7
713,95,7
723,95,7
733,95,7
743,95,7
753,95,7
764,95,7
774,95,7
784,95,7
794,95,7
806,95,7
816,95,7
826,95,7
837,95,7
847,95,7
857,95,7
868,95,7
878,95,7
888,95,7
898,95,7
908,95,7
918,95,7
928,95,7
939,95,7
949,95,7
959,95,7
969,95,7
979,95,7
989,95,7
999,95,7
1010,95,7
1020,95,7
1030,75,5
1040,75,5
1050,100,5
1060,100,5
1070,90,4
1081,90,4
1091,100,5
1101,100,5
1111,100,5
1121,100,5
1131,100,5
1141,100,5
1152,100,5
1163,100,5
1173,100,5
1183,100,5
1193,100,5
1203,100,5
1213,100,5
1224,90,4
1234,100,5
1244,100,5
1254,75,5
1264,75,5
1274,75,5
1284,75,5
1294,75,5
1305,100,5
1315,100,5
1325,100,5
1335,100,5
1345,100,5
1355,100,5
1365,100,5
1375,100,5
1386,100,5
1396,100,5
1406,100,5
1416,100,5
1426,90,4
1436,100,5
1446,90,4
1457,100,5
1467,100,5
1477,100,5
1487,100,5
1497,100,5
1507,75,5
1518,75,5
1528,75,5
1538,75,5
1548,75,5
1558,75,5
1568,75,5
1578,75,5
1588,75,5
1598,75,5
1609,75,5
1619,75,5
1629,100,5
1639,100,5
1649,100,5
1660,90,4
1670,90,4
1680,90,4
1690,80,3
1700,80,3
1711,70,2
1721,70,2
1731,70,2
1741,70,2
1751,70,2
1761,70,2
1771,70,2
1782,70,2
1792,70,2
1802,70,2
1812,70,2
1822,70,2
1832,100,5
1842,100,5
1853,100,5
1863,100,5
1873,100,5
1883,100,5
1893,100,5
1903,100,5
1913,100,5
1923,100,5
1934,100,5
1944,100,5
1954,100,5
1964,100,5
1974,100,5
1984,100,5
1994,100,5
2005,100,5
2015,100,5
2025,100,5
2035,95,7
2045,95,7
2055,95,7
2065,95,7
2075,95,7
2086,60,6
2096,95,7
2106,95,7
2116,95,7
2126,95,7
2136,95,7
2146,95,7
2156,95,7
2167,95,7
2177,95,7
2187,95,7
2197,95,7
2207,95,7
2217,95,7
2227,95,7
2238,100,5
2248,100,5
2258,100,5
2268,100,5
2278,100,5
2288,95,7
2298,95,7
2309,95,7
2319,95,7
2329,95,7
2339,95,7
2349,95,7
2359,95,7
2369,95,7
2379,95,7
2390,95,7
2400,95,7
2410,95,7
2420,95,7
2430,85,6
2440,85,6
2450,85,6
2460,85,6
2470,85,6
2481,85,6
2491,100,5
2501,100,5
2511,100,5
2521,100,5
2531,100,5
2541,100,5
2551,100,5
2562,100,5
2572,100,5
2582,100,5
2592,100,5
2602,100,5
2612,100,5
2622,100,5
2633,95,7
2643,95,7
2653,95,7
2663,95,7
2673,95,7
2683,95,7
2693,85,6
2704,85,6
2714,85,6
2724,85,6
2734,85,6
2744,85,6
2754,85,6
2764,85,6
2775,85,6
2785,85,6
2795,85,6
2805,85,6
2815,85,6
2825,85,6
2835,90,4
2847,90,4
2857,90,4
2867,90,4
2878,90,4
2888,90,4
2898,100,5
2908,100,5
2918,100,5
2928,100,5
2938,100,5
2949,100,5
2961,100,5
2971,100,5
2981,100,5
2991,100,5
3001,100,5
3012,100,5
3022,100,5
3032,95,7
3042,95,7
3052,95,7
3062,95,7
3072,95,7
3082,95,7
3093,95,7
3103,95,7
3113,95,7
3123,95,7
3133,95,7
3143,95,7
3153,95,7
3163,95,7
3174,95,7
3184,95,7
3194,95,7
3204,95,7
3214,95,7
3224,95,7
3234,90,4
3245,90,4
3255,90,4
3265,90,4
3275,90,4
3285,90,4
3295,100,5
3306,100,5
3316,100,5
3326,100,5
3336,100,5
3346,100,5
3356,100,5
3366,100,5
3376,100,5
3387,100,5
3397,100,5
3407,100,5
3417,100,5
3427,100,5
3437,100,5
3447,100,5
3457,100,5
3468,100,5
3478,100,5
3488,100,5
3498,95,7
3508,95,7
3518,95,7
3528,95,7
3539,95,7
3549,95,7
3559,95,7
3569,95,7
3579,95,7
3589,95,7
3599,95,7
3609,95,7
3620,95,7
3630,95,7
3640,80,8
3650,80,8
3660,80,8
3670,80,8
3680,80,8
3691,80,8
3701,80,8
3711,80,8
3721,80,8
3731,80,8
3741,80,8
3751,80,8
3762,80,8
3772,80,8
3782,80,8
3792,80,8
3802,80,8
3812,80,8
3822,80,8
3833,80,8
3843,95,7
3853,95,7
3863,95,7
3873,95,7
3883,95,7
3893,95,7
3903,75,5
3914,75,5
3924,75,5
3934,75,5
3944,75,5
3954,75,5
3964,75,5
3974,75,5
3984,75,5
3995,75,5
4005,75,5
4015,75,5
4025,75,5
4035,75,5
4045,100,5
4055,100,5
4065,100,5
4076,100,5
4086,100,5
4096,80,3
4106,80,3
4116,80,3
4126,80,3
4136,80,3
4146,80,3
4157,80,3
4167,80,3
4177,80,3
4187,80,3
4197,80,3
4207,80,3
4218,80,3
4228,80,3
4238,75,5
4248,75,5
4258,75,5
4269,75,5
4279,75,5
4289,75,5
4299,100,5
4309,100,5
4320,100,5
4330,100,5
4340,100,5
4350,100,5
4360,100,5
4370,100,5
4380,100,5
4391,100,5
4401,100,5
4411,100,5
4421,100,5
4431,100,5
4441,95,7
4451,95,7
4461,95,7
4472,95,7
4482,95,7
4492,95,7
4502,80,8
4512,80,8
4522,80,8
4532,80,8
4542,80,8
4553,80,8
4563,80,8
4573,80,8
4583,80,8
4593,80,8
4603,80,8
4613,80,8
4623,80,8
4634,80,8
4644,100,5
4654,100,5
4664,100,5
4674,100,5
4684,100,5
4694,100,5
4704,100,5
4715,100,5
4725,100,5
4735,100,5
4745,100,5
4755,100,5
4765,100,5
4775,100,5
4785,100,5
4796,100,5
4806,100,5
4816,100,5
4826,100,5
4836,100,5
4846,95,7
4856,95,7
4866,95,7
4877,95,7
4887,95,7
4899,95,7
4910,75,5
4922,75,5
4933,75,5
4943,75,5
4953,75,5
4963,75,5
4973,75,5
4983,75,5
4994,75,5
5004,75,5
5014,75,5
5024,75,5
5034,75,5
5044,70,2
5054,70,2
5064,70,2
5075,70,2
5085,70,2
5095,70,2
5105,70,2
5115,70,2
5125,70,2
5135,70,2
5145,70,2
5155,70,2
5166,70,2
5176,70,2
5186,70,2
5196,70,2
5206,70,2
5216,70,2
5226,70,2
5236,70,2
5247,95,7
5257,95,7
5267,95,7
5277,95,7
5287,95,7
5297,95,7
5307,95,7
5317,95,7
5327,95,7
5338,95,7
5348,95,7
5358,95,7
5368,95,7
5378,95,7
5388,95,7
5398,95,7
5408,95,7
5419,95,7
5429,95,7
5439,95,7
5449,95,7
5459,95,7
5469,95,7
5479,95,7
5489,95,7
5499,95,7
5510,95,7
5520,95,7
5530,95,7
5540,95,7
5550,95,7
5560,95,7
5570,95,7
5580,95,7
5590,95,7
5601,95,7
5611,95,7
5621,95,7
5631,95,7
5641,90,4
5651,90,4
5661,90,4
5671,90,4
5682,90,4
5692,90,4
5702,90,4
5712,90,4
5722,90,4
5732,90,4
5742,90,4
5752,90,4
5763,90,4
5773,90,4
5783,90,4
5793,90,4
5803,90,4
5813,90,4
5823,90,4
5833,90,4
5844,70,2
5854,70,2
5864,70,2
5874,70,2
5884,70,2
5894,70,2
5904,70,2
5914,70,2
5924,70,2
5935,70,2
5945,70,2
5955,70,2
5965,70,2
5975,70,2
5985,70,2
5995,70,2
6005,70,2
6016,70,2
6026,70,2
6036,70,2
6046,100,5
6056,100,5
6066,100,5
6076,100,5
6086,100,5
6097,100,5
6107,100,5
6117,100,5
6127,100,5
6137,100,5
6147,100,5
6157,100,5
6167,100,5
6178,100,5
6188,100,5
6198,100,5
6208,100,5
6218,100,5
6228,100,5
6238,100,5
6248,90,4
6259,90,4
6269,90,4
6279,90,4
6289,90,4
6299,90,4
6309,90,4
6319,90,4
6329,90,4
6340,90,4
6350,90,4
6360,90,4
6370,90,4
6380,90,4
6390,90,4
6400,90,4
6410,90,4
6421,90,4
6431,90,4
6441,90,4
6451,100,5
6461,100,5
6471,100,5
6481,100,5
6491,100,5
6502,100,5
6512,100,5
6522,100,5
6532,100,5
6542,100,5
6552,100,5
6562,100,5
6573,100,5
6583,100,5
6593,100,5
6603,100,5
6613,100,5
6623,100,5
6633,100,5
6643,100,5
6654,95,7
6664,95,7
6674,95,7
6684,95,7
6694,95,7
6704,95,7
6714,95,7
6724,95,7
6735,95,7
6745,95,7
6755,95,7
6765,95,7
6775,95,7
6785,95,7
6795,95,7
6806,95,7
6816,95,7
6826,95,7
6836,95,7
6846,100,5
6856,100,5
6866,100,5
6876,100,5
6886,100,5
6897,100,5
6907,100,5
6917,100,5
6927,100,5
6937,100,5
6947,100,5
6958,100,5
6968,100,5
6981,100,5
6992,100,5
7002,100,5
7012,100,5
7022,100,5
7032,100,5
7042,100,5
7052,75,5
7063,75,5
7073,75,5
7083,75,5
7093,75,5
7103,75,5
7113,75,5
7123,75,5
7133,75,5
7143,75,5
7154,75,5
7164,75,5
7174,75,5
7184,75,5
7194,75,5
7204,75,5
7214,75,5
7224,75,5
7235,75,5
7245,75,5
7255,85,6
7265,85,6
7275,85,6
7285,85,6
7295,85,6
7305,85,6
7316,85,6
7326,85,6
7336,85,6
7346,85,6
7356,85,6
7366,85,6
7376,85,6
7386,85,6
7396,85,6
7407,85,6
7417,85,6
7427,85,6
7437,85,6
7447,35,1
7457,80,3
7467,80,3
7477,80,3
7487,80,3
7498,80,3
7508,80,3
7518,80,3
7528,80,3
7538,80,3
7548,80,3
7558,80,3
7568,80,3
7579,80,3
7589,80,3
7599,80,3
7609,80,3
7619,80,3
7629,80,3
7639,80,3
7649,95,7
7660,95,7
7670,95,7
7680,95,7
7690,95,7
7700,95,7
7710,95,7
7720,95,7
7730,95,7
7740,95,7
7751,95,7
7761,95,7
7771,95,7
7781,95,7
7791,95,7
7801,95,7
7811,95,7
7821,95,7
7832,95,7
7842,95,7
7852,90,4
7862,90,4
7872,90,4
7882,90,4
7892,90,4
7902,90,4
7913,90,4
7923,90,4
7933,90,4
7943,90,4
7953,90,4
7963,90,4
7973,90,4
7984,90,4
7994,90,4
8004,90,4
8014,90,4
8024,90,4
8034,90,4
8044,90,4
8054,100,5
8065,100,5
8075,100,5
8085,100,5
8095,100,5
8105,100,5
8115,100,5
8125,100,5
8135,100,5
8146,100,5
8156,100,5
8166,100,5
8176,100,5
8186,100,5
8196,100,5
8206,100,5
8216,100,5
8226,100,5
8237,100,5
8247,100,5
8257,85,6
8267,85,6
8277,85,6
8287,85,6
8298,85,6
8308,85,6
8318,85,6
8328,85,6
8338,85,6
8348,85,6
8358,85,6
8368,85,6
8379,85,6
8389,85,6
8399,85,6
8409,85,6
8419,85,6
8429,85,6
8439,85,6
8450,65,4
8460,95,7
8470,95,7
8480,95,7
8490,95,7
8500,95,7
8510,95,7
8520,95,7
8531,95,7
8541,95,7
8551,95,7
8561,95,7
8571,95,7
8581,95,7
8591,95,7
8601,95,7
8612,95,7
8622,95,7
8632,95,7
8642,95,7
8652,90,4
8662,90,4
8672,90,4
8682,90,4
8693,90,4
8703,90,4
8713,90,4
8723,90,4
8733,90,4
8743,90,4
8753,90,4
8763,90,4
8774,90,4
8784,90,4
8794,90,4
8805,90,4
8815,90,4
8825,90,4
8835,90,4
8846,90,4
8856,70,2
8866,70,2
8876,70,2
8886,70,2
8896,70,2
8906,70,2
8916,70,2
8927,70,2
8937,70,2
8947,70,2
8957,70,2
8967,70,2
8977,70,2
8987,70,2
8997,70,2
9015,70,2
9025,70,2
9035,70,2
9046,70,2
9056,100,5
9066,100,5
9076,100,5
9086,100,5
9096,100,5
9106,100,5
9116,100,5
9127,100,5
9137,100,5
9147,100,5
9157,100,5
9167,100,5
9177,100,5
9187,100,5
9197,100,5
9208,100,5
9218,100,5
9228,100,5
9238,100,5
9248,100,5
9258,95,7
9268,95,7
9278,95,7
9288,95,7
9299,95,7
9309,95,7
9319,95,7
9329,95,7
9339,95,7
9349,95,7
9359,95,7
9369,95,7
9380,95,7
9390,95,7
9400,95,7
9410,95,7
9420,95,7
9430,95,7
9440,95,7
9450,95,7
9461,95,7
9471,95,7
9481,95,7
9491,95,7
9501,95,7
9511,95,7
9521,95,7
9531,95,7
9541,95,7
9552,95,7
9562,95,7
9572,95,7
9582,95,7
9592,95,7
9602,95,7
9612,95,7
9622,95,7
9632,95,7
9643,95,7
9653,95,7
9663,85,6
9673,85,6
9683,85,6
9693,85,6
9703,85,6
9713,85,6
9723,85,6
9734,85,6
9744,85,6
9754,85,6
9764,85,6
9774,85,6
9784,85,6
9795,85,6
9805,85,6
9815,85,6
9825,85,6
9835,85,6
9846,85,6
9856,0,0
9866,85,6
9876,85,6
9886,85,6
9896,85,6
9906,85,6
9916,85,6
9927,85,6
9937,85,6
9947,85,6
9957,85,6
9967,85,6
9977,85,6
9987,85,6
9997,85,6
10007,85,6
10018,85,6
10028,85,6
10038,85,6
10048,85,6
10058,100,5
10068,100,5
10078,100,5
10089,100,5
10099,100,5
10109,100,5
10119,100,5
10129,100,5
10139,100,5
10149,100,5
10159,100,5
10169,100,5
10180,100,5
10190,100,5
10200,100,5
10210,100,5
10220,100,5
10230,100,5
10240,100,5
10250,100,5
10261,100,5
10271,100,5
10281,100,5
10291,100,5
10301,100,5
10311,100,5
10321,100,5
10332,100,5
10342,100,5
10352,100,5
10362,100,5
10372,100,5
10382,100,5
10392,100,5
10402,100,5
10413,100,5
10423,100,5
10433,100,5
10443,100,5
10453,100,5
10463,100,5
10473,100,5
10483,100,5
10494,100,5
10504,100,5
10514,100,5
10524,100,5
10534,100,5
10544,100,5
10554,100,5
10564,100,5
10575,100,5
10585,100,5
10595,100,5
10605,100,5
10615,100,5
10625,100,5
10635,100,5
10646,100,5
10656,100,5
10666,95,7
10676,95,7
10686,95,7
10696,95,7
10706,95,7
10716,95,7
10726,95,7
10737,95,7
10747,95,7
10757,95,7
10767,95,7
10777,95,7
10787,95,7
10797,95,7
10807,95,7
10818,95,7
10828,95,7
10838,95,7
10848,95,7
10858,95,7
10868,95,7
10878,95,7
10889,95,7
10899,95,7
10909,95,7
10919,95,7
10929,95,7
10939,95,7
10949,95,7
10959,95,7
10970,95,7
10980,95,7
10990,95,7
11000,95,7
11010,95,7
11020,95,7
11030,95,7
11040,95,7
11050,95,7
11061,95,7
11072,95,7
11082,95,7
11094,95,7
11104,95,7
11114,95,7
11124,95,7
11135,95,7
11145,95,7
11155,95,7
11165,95,7
11175,95,7
11185,95,7
11195,95,7
11205,95,7
11216,95,7
11226,95,7
11236,95,7
11246,95,7
11256,95,7
11266,75,5
11276,75,5
11286,75,5
11296,75,5
11307,75,5
11317,75,5
11327,75,5
11337,75,5
11347,75,5
11357,75,5
11367,75,5
11377,75,5
11387,75,5
11398,75,5
11408,75,5
11418,75,5
11428,75,5
11438,75,5
11448,75,5
11458,75,5
11468,90,4
11478,90,4
11489,90,4
11499,90,4
11509,90,4
11519,90,4
11529,90,4
11539,90,4
11549,90,4
11559,90,4
11570,90,4
11580,90,4
11590,90,4
11600,90,4
11610,90,4
11620,90,4
11630,90,4
11640,90,4
11651,90,4
11661,90,4
11671,90,4
11681,90,4
11691,90,4
11701,90,4
11711,90,4
11721,90,4
11731,90,4
11742,90,4
11752,90,4
11762,90,4
11772,90,4
11782,90,4
11792,90,4
11802,90,4
11813,90,4
11823,90,4
11833,90,4
11843,90,4
11853,90,4
11864,100,5
11874,100,5
11884,100,5
11894,100,5
11904,100,5
11914,100,5
11924,100,5
11934,100,5
11945,100,5
11955,100,5
11965,100,5
11975,100,5
11985,100,5
11995,100,5
12005,100,5
12015,100,5
12026,100,5
12036,100,5
12046,100,5
12056,100,5
12066,75,5
12077,75,5
12087,75,5
12097,75,5
12107,75,5
12117,75,5
12127,75,5
12137,75,5
12147,75,5
12158,75,5
12168,75,5
12178,75,5
12188,75,5
12198,75,5
12208,75,5
12218,75,5
12228,75,5
12239,75,5
12249,75,5
12259,75,5
12269,100,5
12279,100,5
12289,100,5
12299,100,5
12309,100,5
12320,100,5
12330,100,5
12340,100,5
12350,100,5
12360,100,5
12371,100,5
12381,100,5
12391,100,5
12401,100,5
12411,100,5
12421,100,5
12431,100,5
12441,100,5
12452,100,5
12462,100,5
12472,75,5
12482,75,5
12492,75,5
12502,75,5
12512,75,5
12522,75,5
12532,75,5
12543,75,5
12553,75,5
12563,75,5
12573,75,5
12583,75,5
12593,75,5
12603,75,5
12613,75,5
12624,75,5
12634,75,5
12644,75,5
12654,75,5
12664,75,5
12674,75,5
12684,75,5
12694,75,5
12705,75,5
12715,75,5
12725,75,5
12735,75,5
12745,75,5
12755,75,5
12765,75,5
12775,75,5
12785,75,5
12796,75,5
12806,75,5
12816,75,5
12826,75,5
12836,75,5
12846,75,5
12856,75,5
12866,75,5
12877,100,5
12887,100,5
12897,100,5
12907,100,5
12917,100,5
12927,100,5
12937,100,5
12947,100,5
12957,100,5
12968,100,5
12978,100,5
12988,100,5
12998,100,5
13008,100,5
13018,100,5
13028,100,5
13039,100,5
13049,100,5
13059,100,5
13071,85,6
13081,85,6
13092,85,6
13102,85,6
13112,85,6
13124,85,6
13135,85,6
13145,85,6
13157,85,6
13167,85,6
13177,85,6
13187,85,6
13197,85,6
13208,85,6
13218,85,6
13228,85,6
13238,85,6
13248,85,6
13258,85,6
13268,0,0
13278,100,5
13289,100,5
13299,100,5
13309,100,5
13319,100,5
13329,100,5
13339,100,5
13349,100,5
13360,100,5
13370,100,5
13380,100,5
13390,100,5
13400,100,5
13410,100,5
13420,100,5
13430,100,5
13440,100,5
13451,100,5
13461,100,5
13471,85,6
13481,85,6
13491,85,6
13501,85,6
13511,85,6
13521,85,6
13532,85,6
13542,85,6
13552,85,6
13562,85,6
13572,85,6
13582,85,6
13592,85,6
13602,85,6
13613,85,6
13623,85,6
13633,85,6
13643,85,6
13653,85,6
13663,85,6
13674,100,5
13684,100,5
13694,100,5
13704,100,5
13714,100,5
13724,100,5
13734,100,5
13745,100,5
13755,100,5
13765,100,5
13775,100,5
13785,100,5
13795,100,5
13805,100,5
13815,100,5
13826,100,5
13836,100,5
13846,100,5
13856,100,5
13866,100,5
13876,75,5
13886,75,5
13896,75,5
13907,75,5
13917,75,5
13927,75,5
13937,75,5
13947,75,5
13957,75,5
13968,75,5
13978,75,5
13988,75,5
13998,75,5
14008,75,5
14018,75,5
14028,75,5
14038,75,5
14049,75,5
14059,75,5
14069,75,5
14079,80,3
14089,80,3
14099,80,3
14109,80,3
14119,80,3
14130,80,3
14140,80,3
14150,80,3
14160,80,3
14170,80,3
14180,80,3
14190,80,3
14200,80,3
14210,80,3
14221,80,3
14231,80,3
14241,80,3
14251,80,3
14261,80,3
14271,10,1
14281,95,7
14291,95,7
14302,95,7
14312,95,7
14322,95,7
14332,95,7
14342,95,7
14352,95,7
14362,95,7
14372,95,7
14383,95,7
14393,95,7
14403,95,7
14413,95,7
14423,95,7
14433,95,7
14444,95,7
14454,95,7
14464,95,7
14475,95,7
14485,95,7
14495,95,7
14505,95,7
14515,95,7
14526,95,7
14536,95,7
14547,95,7
14557,95,7
14567,95,7
14577,95,7
14587,95,7
14597,95,7
14607,95,7
14617,95,7
14628,95,7
14638,95,7
14648,95,7
14658,95,7
14668,95,7
14678,70,7
14688,70,7
14699,70,7
14709,70,7
14719,70,7
14729,70,7
14739,70,7
14749,70,7
14759,70,7
14769,70,7
14780,70,7
14790,70,7
14801,70,7
14811,70,7
14821,70,7
14831,70,7
14841,70,7
14851,70,7
14862,70,7
14872,70,7
14882,85,6
14892,85,6
14902,85,6
14912,85,6
14922,85,6
14933,85,6
14943,85,6
14953,85,6
14963,85,6
14973,85,6
14983,85,6
14993,85,6
15003,85,6
15014,85,6
15024,85,6
15034,85,6
15044,85,6
15054,85,6
15064,85,6
15074,85,6
15084,100,5
15095,100,5
15105,100,5
15115,100,5
15125,100,5
15135,100,5
15145,100,5
15155,100,5
15166,100,5
15177,100,5
15190,100,5
15200,100,5
15210,100,5
15221,100,5
15231,100,5
15241,100,5
15251,100,5
15261,100,5
15271,100,5
15281,100,5
15291,100,5
15302,100,5
15312,100,5
15322,100,5
15332,100,5
15342,100,5
15352,100,5
15362,100,5
15373,100,5
15383,100,5
15393,100,5
15403,100,5
15413,100,5
15423,100,5
15434,100,5
15444,100,5
15454,100,5
15464,100,5
15474,100,5
15484,85,6
15494,85,6
15504,85,6
15515,85,6
15525,85,6
15535,85,6
15545,85,6
15555,85,6
15565,85,6
15575,85,6
15585,85,6
15596,85,6
15606,85,6
15616,85,6
15626,85,6
15636,85,6
15646,85,6
15657,85,6
15667,85,6
15677,85,6
15687,100,5
15697,100,5
15707,100,5
15717,100,5
15728,100,5
15738,100,5
15748,100,5
15758,100,5
15768,100,5
15778,100,5
15788,100,5
15798,100,5
15809,100,5
15819,100,5
15829,100,5
15839,100,5
15849,100,5
15859,100,5
15869,100,5
15880,100,5
15890,100,5
15900,100,5
15910,100,5
15920,100,5
15930,100,5
15940,100,5
15950,100,5
15961,100,5
15971,100,5
15981,100,5
15991,100,5
16001,100,5
16011,100,5
16021,100,5
16031,100,5
16041,100,5
16052,100,5
16062,100,5
16072,100,5
16082,100,5
16092,100,5
16102,100,5
16112,100,5
16122,100,5
16133,100,5
16143,100,5
16153,100,5
16163,100,5
16173,100,5
16183,100,5
16193,100,5
16203,100,5
16213,100,5
16224,100,5
16234,100,5
16244,100,5
16254,100,5
16264,100,5
16274,100,5
16284,90,4
16294,90,4
16305,90,4
16315,90,4
16325,90,4
16335,90,4
16345,90,4
16355,90,4
16365,90,4
16376,90,4
16386,90,4
16396,90,4
16406,90,4
16416,90,4
16426,90,4
16436,90,4
16446,90,4
16457,90,4
16467,90,4
16477,90,4
16487,75,5
16497,75,5
16507,75,5
16517,75,5
16527,75,5
16537,75,5
16548,75,5
16558,75,5
16568,75,5
16578,75,5
16588,75,5
16598,75,5
16608,75,5
16618,75,5
16629,75,5
16639,75,5
16649,75,5
16659,75,5
16669,75,5
16679,0,0
16690,100,5
16700,100,5
16710,100,5
16720,100,5
16730,100,5
16740,100,5
16750,100,5
16760,100,5
16771,100,5
16781,100,5
16791,100,5
16801,100,5
16811,100,5
16821,100,5
16831,100,5
16841,100,5
16852,100,5
16862,100,5
16872,100,5
16882,80,3
16892,80,3
16902,80,3
16912,80,3
16923,80,3
16933,80,3
16943,80,3
16953,80,3
16963,80,3
16973,80,3
16983,80,3
16993,80,3
17004,80,3
17014,80,3
17024,80,3
17034,80,3
17044,80,3
17054,80,3
17064,80,3
17074,80,3
17084,100,5
17095,100,5
17105,100,5
17115,100,5
17125,100,5
17135,100,5
17145,100,5
17155,100,5
17165,100,5
17176,100,5
17186,100,5
17196,100,5
17206,100,5
17216,100,5
17226,100,5
17238,100,5
17248,100,5
17259,100,5
17270,100,5
17280,100,5
17291,70,7
17301,70,7
17311,70,7
17321,70,7
17331,70,7
17341,70,7
17351,70,7
17362,70,7
17372,70,7
17382,70,7
17392,70,7
17402,70,7
17413,70,7
17423,70,7
17433,70,7
17443,70,7
17453,70,7
17464,70,7
17474,70,7
17485,100,5
17495,100,5
17505,100,5
17515,100,5
17525,100,5
17535,100,5
17545,100,5
17555,100,5
17566,100,5
17576,100,5
17586,100,5
17596,100,5
17606,100,5
17616,100,5
17626,100,5
17636,100,5
17647,100,5
17657,100,5
17667,100,5
17677,100,5
17687,100,5
17697,100,5
17708,100,5
17718,100,5
17728,100,5
17738,100,5
17748,100,5
17758,100,5
17768,100,5
17778,100,5
17789,100,5
17799,100,5
17809,100,5
17819,100,5
17829,100,5
17839,100,5
17849,100,5
17859,100,5
17870,100,5
17880,100,5
17890,100,5
17900,100,5
17910,100,5
17920,100,5
17930,100,5
17940,100,5
17951,100,5
17961,100,5
17971,100,5
17981,100,5
17991,100,5
18001,100,5
18011,100,5
18021,100,5
18032,100,5
18042,100,5
18052,100,5
18062,100,5
18072,100,5
18082,100,5
18092,95,7
18102,95,7
18113,95,7
18123,95,7
18133,95,7
18143,95,7
18153,95,7
18163,95,7
18173,95,7
18183,95,7
18193,95,7
18204,95,7
18214,95,7
18224,95,7
18234,95,7
18246,95,7
18256,95,7
18266,95,7
18277,95,7
18287,85,6
18297,85,6
18307,85,6
18317,85,6
18327,85,6
18337,85,6
18348,85,6
18358,85,6
18368,85,6
18378,85,6
18388,85,6
18398,85,6
18408,85,6
18418,85,6
18429,85,6
18439,85,6
18449,85,6
18459,85,6
18469,85,6
18479,85,6
18489,100,5
18499,100,5
18510,100,5
18520,100,5
18530,100,5
18540,100,5
18550,100,5
18560,100,5
18570,100,5
18580,100,5
18590,100,5
18601,100,5
18611,100,5
18621,100,5
18631,100,5
18641,100,5
18651,100,5
18662,100,5
18672,100,5
18682,100,5
18692,80,3
18702,80,3
18712,80,3
18722,80,3
18732,80,3
18742,80,3
18753,80,3
18763,80,3
18773,80,3
18783,80,3
18793,80,3
18803,80,3
18813,80,3
18823,80,3
18834,80,3
18844,80,3
18854,80,3
18864,80,3
18874,80,3
18884,80,3
18894,90,4
18905,90,4
18915,90,4
18925,90,4
18935,90,4
18945,90,4
18955,90,4
18965,90,4
18975,90,4
18985,90,4
18996,90,4
19006,90,4
19016,90,4
19026,90,4
19036,90,4
19046,90,4
19056,90,4
19066,90,4
19077,90,4
19087,90,4
19097,75,5
19107,75,5
19117,75,5
19127,75,5
19137,75,5
19147,75,5
19159,75,5
19169,75,5
19179,75,5
19190,75,5
19200,75,5
19210,75,5
19220,75,5
19230,75,5
19240,75,5
19250,75,5
19260,75,5
19271,75,5
19281,75,5
19293,90,4
19303,90,4
19314,90,4
19324,90,4
19335,90,4
19345,90,4
19355,90,4
19365,90,4
19375,90,4
19385,90,4
19396,90,4
19406,90,4
19417,90,4
19427,90,4
19437,90,4
19447,90,4
19457,90,4
19467,90,4
19478,90,4
19488,90,4
19498,100,5
19508,100,5
19518,100,5
19528,100,5
19538,100,5
19548,100,5
19559,100,5
19569,100,5
19579,100,5
19589,100,5
19599,100,5
19609,100,5
19620,100,5
19630,100,5
19640,100,5
19650,100,5
19660,100,5
19670,100,5
19680,100,5
19691,100,5
19701,90,4
19711,90,4
19721,90,4
19731,90,4
19741,90,4
19751,90,4
19762,90,4
19772,90,4
19782,90,4
19792,90,4
19802,90,4
19812,90,4
19822,90,4
19832,90,4
19843,90,4
19853,90,4
19863,90,4
19873,90,4
19883,90,4
19894,90,4
19904,90,4
19914,90,4
19924,90,4
19934,90,4
19944,90,4
19954,90,4
19964,90,4
19975,90,4
19985,90,4
19995,90,4
20005,90,4
20015,90,4
20025,90,4
20035,90,4
20046,90,4
20056,90,4
20066,90,4
20076,90,4
20086,90,4
20096,100,5
20106,100,5
20116,100,5
20127,100,5
20137,100,5
20147,100,5
20157,100,5
20167,100,5
20177,100,5
20187,100,5
20198,100,5
20208,100,5
20218,100,5
20228,100,5
20238,100,5
20248,100,5
20258,100,5
20268,100,5
20279,100,5
20289,100,5
20299,90,4
20309,90,4
20319,90,4
20329,90,4
20339,90,4
20350,90,4
20360,90,4
20370,90,4
20380,90,4
20390,90,4
20400,90,4
20410,90,4
20420,90,4
20431,90,4
20441,90,4
20451,90,4
20461,90,4
20471,90,4
20481,90,4
20491,90,4
20501,70,2
20512,70,2
20522,70,2
20532,70,2
20542,70,2
20552,70,2
20562,70,2
20572,70,2
20583,70,2
20593,70,2
20603,70,2
20613,70,2
20623,70,2
20633,70,2
20643,70,2
20654,70,2
20664,70,2
20674,70,2
20684,70,2
20694,70,2
20704,100,5
20715,100,5
20725,100,5
20735,100,5
20745,100,5
20755,100,5
20765,100,5
20775,100,5
20785,100,5
20796,100,5
20806,100,5
20816,100,5
20826,100,5
20836,100,5
20846,100,5
20856,100,5
20867,100,5
20877,100,5
20887,100,5
20897,100,5
20907,100,5
20917,100,5
20928,100,5
20938,100,5
20948,100,5
20958,100,5
20968,100,5
20978,100,5
20988,100,5
20998,100,5
21009,100,5
21019,100,5
21029,100,5
21039,100,5
21049,100,5
21059,100,5
21069,100,5
21080,100,5
21090,100,5
21100,100,5
21110,100,5
21120,100,5
21130,100,5
21140,100,5
21150,100,5
21161,100,5
21171,100,5
21181,100,5
21191,100,5
21201,100,5
21211,100,5
21222,100,5
21232,100,5
21242,100,5
21252,100,5
21262,100,5
21272,100,5
21282,100,5
21293,100,5
21303,95,7
21313,95,7
21323,95,7
21334,95,7
21347,95,7
21360,95,7
21370,95,7
21387,95,7
21397,95,7
21407,95,7
21417,95,7
21427,95,7
21437,95,7
21447,95,7
21457,95,7
21468,95,7
21478,95,7
21488,95,7
21498,95,7
21508,95,7
21518,95,7
21528,95,7
21538,95,7
21549,95,7
21559,95,7
21569,95,7
21579,95,7
21589,95,7
21599,95,7
21609,95,7
21619,95,7
21630,95,7
21640,95,7
21650,95,7
21660,95,7
21670,95,7
21680,95,7
21691,95,7
21701,85,6
21711,85,6
21721,85,6
21731,85,6
21742,85,6
21752,85,6
21762,85,6
21772,85,6
21782,85,6
21792,85,6
21802,85,6
21812,85,6
21823,85,6
21833,85,6
21843,85,6
21853,85,6
21863,85,6
21873,85,6
21884,85,6
21894,85,6
21904,100,5
21914,100,5
21924,100,5
21934,100,5
21944,100,5
21954,100,5
21965,100,5
21975,100,5
21985,100,5
21995,100,5
22005,100,5
22015,100,5
22025,100,5
22036,100,5
22046,100,5
22056,100,5
22066,100,5
22076,100,5
22086,100,5
22096,100,5
22106,85,6
22117,85,6
22127,85,6
22137,85,6
22147,85,6
22157,85,6
22167,85,6
22177,85,6
22187,85,6
22198,85,6
22208,85,6
22218,85,6
22228,85,6
22238,85,6
22248,85,6
22259,85,6
22269,85,6
22279,85,6
22289,85,6
22299,85,6
22309,95,7
22319,95,7
22329,95,7
22340,95,7
22350,95,7
22360,95,7
22370,95,7
22380,95,7
22390,95,7
22400,95,7
22410,95,7
22421,95,7
22431,95,7
22441,95,7
22451,95,7
22461,95,7
22471,95,7
22481,95,7
22492,95,7
22502,90,4
22512,90,4
22522,90,4
22532,90,4
22542,90,4
22552,90,4
22563,90,4
22573,90,4
22585,90,4
22595,90,4
22605,90,4
22615,90,4
22625,90,4
22635,90,4
22645,90,4
22656,90,4
22666,90,4
22676,90,4
22686,90,4
22696,90,4
22706,100,5
22716,100,5
22727,100,5
22737,100,5
22747,100,5
22757,100,5
22767,100,5
22777,100,5
22787,100,5
22798,100,5
22808,100,5
22818,100,5
22828,100,5
22838,100,5
22848,100,5
22858,100,5
22868,100,5
22879,100,5
22889,100,5
22899,100,5
22909,85,6
22919,85,6
22929,85,6
22939,85,6
22950,85,6
22960,85,6
22970,85,6
22980,85,6
22990,85,6
23000,85,6
23010,85,6
23020,85,6
23031,85,6
23041,85,6
23051,85,6
23061,85,6
23071,85,6
23081,85,6
23092,85,6
23102,85,6
23112,80,3
23122,80,3
23132,80,3
23142,80,3
23152,80,3
23163,80,3
23173,80,3
23183,80,3
23193,80,3
23203,80,3
23213,80,3
23223,80,3
23233,80,3
23244,80,3
23254,80,3
23264,80,3
23275,80,3
23286,80,3
23296,80,3
23306,80,3
23316,80,3
23326,80,3
23337,80,3
23347,80,3
23357,80,3
23367,80,3
23377,80,3
23387,80,3
23398,80,3
23408,80,3
23418,80,3
23429,80,3
23439,80,3
23449,80,3
23459,80,3
23469,80,3
23479,80,3
23489,80,3
23500,80,3
23510,75,5
23520,75,5
23530,75,5
23540,75,5
23550,75,5
23560,75,5
23570,75,5
23581,75,5
23591,75,5
23601,75,5
23611,75,5
23621,75,5
23631,75,5
23641,75,5
23651,75,5
23662,75,5
23672,75,5
23682,75,5
23692,75,5
23702,75,5
23713,100,5
23723,100,5
23733,100,5
23743,100,5
23753,100,5
23763,100,5
23773,100,5
23783,100,5
23794,100,5
23804,100,5
23814,100,5
23824,100,5
23834,100,5
23844,100,5
23854,100,5
23864,100,5
23874,100,5
23885,100,5
23895,100,5
23905,100,5
23915,95,7
23925,95,7
23935,95,7
23945,95,7
23955,95,7
23966,95,7
23976,95,7
23986,95,7
23996,95,7
24006,95,7
24016,95,7
24026,95,7
24037,95,7
24047,95,7
24057,95,7
24067,95,7
24077,95,7
24087,95,7
24097,95,7
24107,95,7
24117,95,7
24128,95,7
24138,95,7
24148,95,7
24158,95,7
24168,95,7
24178,95,7
24188,95,7
24198,95,7
24209,95,7
24219,95,7
24229,95,7
24239,95,7
24249,95,7
24259,95,7
24269,95,7
24279,95,7
24290,95,7
24300,95,7
24310,70,7
24320,70,7
24330,70,7
24340,70,7
24350,70,7
24360,70,7
24371,70,7
24381,70,7
24391,70,7
24401,70,7
24411,70,7
24421,70,7
24431,70,7
24441,70,7
24452,70,7
24462,70,7
24472,70,7
24482,70,7
24492,70,7
24502,70,7
24512,80,3
24522,80,3
24533,80,3
24543,80,3
24553,80,3
24563,80,3
24573,80,3
24583,80,3
24593,80,3
24604,80,3
24615,80,3
24625,80,3
24636,80,3
24647,80,3
24657,80,3
24667,80,3
24678,80,3
24689,80,3
24699,80,3
24710,70,2
24720,70,2
24730,70,2
24741,70,2
24751,70,2
24761,70,2
24771,70,2
24781,70,2
24791,70,2
24801,70,2
24811,70,2
24822,70,2
24832,70,2
24842,70,2
24852,70,2
24862,70,2
24872,70,2
24882,70,2
24893,70,2
24903,70,2
24914,95,7
24924,95,7
24934,95,7
24944,95,7
24954,95,7
24964,95,7
24975,95,7
24985,95,7
24995,95,7
25005,95,7
25015,95,7
25025,95,7
25035,95,7
25046,95,7
25056,95,7
25066,95,7
25076,95,7
25086,95,7
25097,95,7
25107,95,7
25117,100,5
25127,100,5
25137,100,5
25147,100,5
25157,100,5
25167,100,5
25178,100,5
25188,100,5
25198,100,5
25208,100,5
25218,100,5
25228,100,5
25238,100,5
25249,100,5
25259,100,5
25269,100,5
25279,100,5
25289,100,5
25299,100,5
25309,100,5
25320,100,5
25330,100,5
25340,100,5
25350,100,5
25360,100,5
25370,100,5
25380,100,5
25390,100,5
25401,100,5
25411,100,5
25421,100,5
25431,100,5
25441,100,5
25451,100,5
25462,100,5
25472,100,5
25482,100,5
25492,100,5
25503,100,5
25513,0,0
25523,100,5
25533,100,5
25543,100,5
25553,100,5
25564,100,5
25574,100,5
25584,100,5
25594,100,5
25604,100,5
25614,100,5
25624,100,5
25635,100,5
25645,100,5
25655,100,5
25665,100,5
25675,100,5
25685,100,5
25696,100,5
25706,100,5
25716,80,3
25726,80,3
25736,80,3
25746,80,3
25756,80,3
25766,80,3
25777,80,3
25787,80,3
25797,80,3
25807,80,3
25817,80,3
25827,80,3
25837,80,3
25848,80,3
25858,80,3
25868,80,3
25878,80,3
25888,80,3
25898,80,3
25908,80,3
25919,95,7
25929,95,7
25939,95,7
25949,95,7
25959,95,7
25969,95,7
25979,95,7
25989,95,7
26000,95,7
26010,95,7
26020,95,7
26030,95,7
26040,95,7
26050,95,7
26060,95,7
26071,95,7
26081,95,7
26091,95,7
26101,95,7
26111,95,7
26121,100,5
26131,100,5
26141,100,5
26151,100,5
26162,100,5
26172,100,5
26182,100,5
26192,100,5
26202,100,5
26212,100,5
26222,100,5
26233,100,5
26243,100,5
26253,100,5
26263,100,5
26273,100,5
26283,100,5
26293,100,5
26303,100,5
26314,100,5
26324,100,5
26334,100,5
26344,100,5
26354,100,5
26364,100,5
26374,100,5
26387,100,5
26398,100,5
26410,100,5
26420,100,5
26430,100,5
26440,100,5
26452,100,5
26464,100,5
26476,100,5
26487,100,5
26499,100,5
26510,100,5
26522,80,8
26532,80,8
26544,80,8
26554,80,8
26564,80,8
26575,80,8
26585,80,8
26595,80,8
26606,80,8
26616,80,8
26626,80,8
26636,80,8
26646,80,8
26656,80,8
26667,80,8
26677,80,8
26687,80,8
26697,80,8
26707,80,8
26717,80,8
26727,100,5
26737,100,5
26748,100,5
26758,100,5
26768,100,5
26778,100,5
26788,100,5
26798,100,5
26808,100,5
26818,100,5
26829,100,5
26839,100,5
26849,100,5
26859,100,5
26869,100,5
26879,100,5
26889,100,5
26899,100,5
26910,100,5
26920,100,5
26930,100,5
26940,100,5
26950,100,5
26960,100,5
26970,100,5
26980,100,5
26990,100,5
27001,100,5
27011,100,5
27021,100,5
27031,100,5
27041,100,5
27051,100,5
27061,100,5
27072,100,5
27082,100,5
27092,100,5
27102,100,5
27112,100,5
27122,100,5
27132,75,5
27142,75,5
27153,75,5
27163,75,5
27173,75,5
27187,75,5
27198,75,5
27209,75,5
27219,75,5
27229,75,5
27239,75,5
27250,75,5
27260,75,5
27270,75,5
27283,75,5
27293,75,5
27303,75,5
27314,75,5
27324,75,5
27334,95,7
27347,95,7
27357,95,7
27367,95,7
27377,95,7
27387,95,7
27397,95,7
27407,95,7
27417,95,7
27428,95,7
27438,95,7
27448,95,7
27458,95,7
27468,95,7
27478,95,7
27488,95,7
27498,95,7
27509,95,7
27519,95,7
27530,90,4
27543,100,5
27553,100,5
27563,100,5
27573,100,5
27583,100,5
27593,100,5
27603,100,5
27613,100,5
27624,100,5
27634,100,5
27644,100,5
27654,100,5
27664,100,5
27674,100,5
27684,100,5
27694,100,5
27705,100,5
27715,100,5
27725,100,5
27735,75,5
27745,75,5
27755,75,5
27765,75,5
27775,75,5
27786,75,5
27796,75,5
27806,75,5
27816,75,5
27826,75,5
27836,75,5
27846,75,5
27856,75,5
27867,75,5
27877,75,5
27887,75,5
27897,75,5
27907,75,5
27917,75,5
27927,80,3
27937,100,5
27948,100,5
27958,100,5
27969,100,5
27979,100,5
27989,100,5
27999,100,5
28009,100,5
28019,100,5
28029,100,5
28039,100,5
28050,100,5
28060,100,5
28070,100,5
28080,100,5
28090,100,5
28100,100,5
28110,100,5
28120,100,5
28131,100,5
28141,100,5
28151,100,5
28161,100,5
28171,100,5
28181,100,5
28191,100,5
28201,100,5
28212,100,5
28222,100,5
28232,100,5
28242,100,5
28252,100,5
28262,100,5
28272,100,5
28282,100,5
28293,100,5
28303,100,5
28313,100,5
28323,100,5
28333,95,7
28343,95,7
28353,95,7
28364,95,7
28374,95,7
28384,95,7
28394,95,7
28404,95,7
28414,95,7
28424,95,7
28434,95,7
28444,95,7
28455,95,7
28465,95,7
28475,95,7
28485,95,7
28495,95,7
28505,95,7
28515,95,7
28525,95,7
28536,70,2
28546,70,2
28556,70,2
28566,70,2
28576,70,2
28586,70,2
28596,70,2
28606,70,2
28616,70,2
28627,70,2
28637,70,2
28647,70,2
28657,70,2
28667,70,2
28677,70,2
28687,70,2
28697,70,2
28708,70,2
28718,70,2
28728,70,2
28738,80,3
28748,80,3
28758,80,3
28768,80,3
28778,80,3
28789,80,3
28799,80,3
28809,80,3
28819,80,3
28829,80,3
28839,80,3
28849,80,3
28859,80,3
28870,80,3
28880,80,3
28890,80,3
28900,80,3
28910,80,3
28920,80,3
28930,80,3
28940,80,3
28951,80,3
28961,80,3
28971,80,3
28981,80,3
28991,80,3
29001,80,3
29011,80,3
29022,80,3
29032,80,3
29042,80,3
29052,80,3
29062,80,3
29072,80,3
29082,80,3
29092,80,3
29103,80,3
29113,80,3
29123,80,3
29133,70,2
29143,70,2
29153,70,2
29163,70,2
29173,70,2
29183,70,2
29194,70,2
29204,70,2
29214,70,2
29224,70,2
29234,70,2
29244,70,2
29254,70,2
29264,70,2
29275,70,2
29285,70,2
29295,70,2
29305,70,2
29315,70,2
29325,70,2
29335,100,5
29345,100,5
29356,100,5
29366,100,5
29376,100,5
29386,100,5
29396,100,5
29406,100,5
29416,100,5
29427,100,5
29437,100,5
29447,100,5
29457,100,5
29467,100,5
29477,100,5
29487,100,5
29498,100,5
29508,100,5
29518,100,5
29528,100,5
29538,70,2
29548,70,2
29559,70,2
29570,70,2
29580,70,2
29590,70,2
29601,70,2
29611,70,2
29621,70,2
29632,70,2
29642,70,2
29652,70,2
29662,70,2
29672,70,2
29682,70,2
29692,70,2
29703,70,2
29713,70,2
29723,70,2
29733,100,5
29743,100,5
29753,100,5
29763,100,5
29773,100,5
29784,100,5
29794,100,5
29804,100,5
29814,100,5
29824,100,5
29834,100,5
29844,100,5
29855,100,5
29865,100,5
29875,100,5
29885,100,5
29895,100,5
29905,100,5
29915,100,5
29925,100,5
29936,100,5
29946,100,5
29956,100,5
29966,100,5
29976,100,5
29986,100,5
29997,100,5
30007,100,5
30017,100,5
30027,100,5
30037,100,5
30047,100,5
30057,100,5
30067,100,5
30078,100,5
30088,100,5
30098,100,5
30108,100,5
30118,100,5
30128,100,5
30139,80,8
30149,80,8
30159,80,8
30169,80,8
30179,80,8
30189,80,8
30199,80,8
30210,80,8
30220,80,8
30230,80,8
30240,80,8
30250,80,8
30260,80,8
30270,80,8
30280,80,8
30291,80,8
30301,80,8
30311,80,8
30321,80,8
30331,80,8
30343,95,7
30353,95,7
30363,95,7
30373,95,7
30383,95,7
30393,95,7
30404,95,7
30414,95,7
30424,95,7
30434,95,7
30444,95,7
30454,95,7
30464,95,7
30474,95,7
30485,95,7
30495,95,7
30505,95,7
30515,95,7
30525,95,7
30536,50,5
30547,95,7
30557,95,7
30567,95,7
30577,95,7
30587,95,7
30597,95,7
30607,95,7
30617,95,7
30627,95,7
30638,95,7
30648,95,7
30658,95,7
30668,95,7
30678,95,7
30688,95,7
30698,95,7
30708,95,7
30719,95,7
30729,95,7
30739,90,4
30749,90,4
30759,90,4
30769,90,4
30779,90,4
30789,90,4
30799,90,4
30810,90,4
30820,90,4
30830,90,4
30840,90,4
30850,90,4
30860,90,4
30870,90,4
30881,90,4
30891,90,4
30901,90,4
30911,90,4
30921,90,4
30931,90,4
30941,100,5
30951,100,5
30962,100,5
30972,100,5
30982,100,5
30992,100,5
31002,100,5
31012,100,5
31023,100,5
31033,100,5
31043,100,5
31053,100,5
31063,100,5
31073,100,5
31083,100,5
31093,100,5
31104,100,5
31114,100,5
31124,100,5
31134,100,5
31144,95,7
31154,95,7
31164,95,7
31174,95,7
31184,95,7
31195,95,7
31205,95,7
31215,95,7
31225,95,7
31235,95,7
31245,95,7
31255,95,7
31265,95,7
31276,95,7
31286,95,7
31296,95,7
31306,95,7
31316,95,7
31326,95,7
31336,95,7
31346,90,4
31356,90,4
31367,90,4
31377,90,4
31387,90,4
31397,90,4
31407,90,4
31417,90,4
31427,90,4
31437,90,4
31448,90,4
31458,90,4
31468,90,4
31478,90,4
31488,90,4
31498,90,4
31508,90,4
31518,90,4
31529,90,4
31539,90,4
31549,100,5
31559,100,5
31569,100,5
31579,100,5
31589,100,5
31599,100,5
31610,100,5
31620,100,5
31631,100,5
31641,100,5
31652,100,5
31662,100,5
31672,100,5
31682,100,5
31693,100,5
31703,100,5
31713,100,5
31723,100,5
31733,100,5
31743,100,5
31753,100,5
31763,100,5
31774,100,5
31784,100,5
31794,100,5
31804,100,5
31814,100,5
31824,100,5
31834,100,5
31844,100,5
31855,100,5
31865,100,5
31875,100,5
31885,100,5
31895,100,5
31905,100,5
31915,100,5
31925,100,5
31936,100,5
31946,100,5
31956,100,5
31966,100,5
31976,100,5
31986,100,5
31996,100,5
32006,100,5
32017,100,5
32027,100,5
32037,100,5
32047,100,5
32057,100,5
32067,100,5
32077,100,5
32087,100,5
32098,100,5
32108,100,5
32118,100,5
32128,100,5
32138,100,5
32148,100,5
32158,100,5
32168,100,5
32179,100,5
32189,100,5
32199,100,5
32209,100,5
32219,100,5
32229,100,5
32239,100,5
32249,100,5
32260,100,5
32270,100,5
32280,100,5
32290,100,5
32300,100,5
32310,100,5
32320,100,5
32330,100,5
32341,100,5
32351,100,5
32361,100,5
32371,100,5
32381,100,5
32391,100,5
32401,100,5
32411,100,5
32422,100,5
32432,100,5
32442,100,5
32452,100,5
32462,100,5
32472,100,5
32482,100,5
32492,100,5
32502,100,5
32513,100,5
32523,100,5
32533,100,5
32543,90,4
32553,90,4
32563,90,4
32573,90,4
32583,90,4
32594,90,4
32604,90,4
32614,90,4
32624,90,4
32634,90,4
32644,90,4
32654,90,4
32664,90,4
32675,90,4
32685,90,4
32695,90,4
32705,90,4
32715,90,4
32725,90,4
32735,90,4
32745,100,5
32756,100,5
32766,100,5
32776,100,5
32786,100,5
32796,100,5
32806,100,5
32816,100,5
32826,100,5
32837,100,5
32847,100,5
32857,100,5
32867,100,5
32877,100,5
32887,100,5
32897,100,5
32907,100,5
32918,100,5
32928,100,5
32938,100,5
32948,95,7
32958,95,7
32968,95,7
32978,95,7
32988,95,7
32998,95,7
33009,95,7
33019,95,7
33030,95,7
33041,95,7
33051,95,7
33061,95,7
33071,95,7
33081,95,7
33091,95,7
33101,95,7
33111,95,7
33122,95,7
33132,95,7
33142,95,7
33152,90,4
33163,90,4
33173,90,4
33183,90,4
33193,90,4
33203,90,4
33214,90,4
33224,90,4
33234,90,4
33244,90,4
33254,90,4
33264,90,4
33274,90,4
33284,90,4
33295,90,4
33305,90,4
33315,90,4
33325,90,4
33335,90,4
33345,90,4
33356,100,5
33366,100,5
33376,100,5
33386,100,5
33396,100,5
33406,100,5
33417,100,5
33427,100,5
33437,100,5
33447,100,5
33457,100,5
33467,100,5
33477,100,5
33487,100,5
33498,100,5
33508,100,5
33518,100,5
33528,100,5
33538,100,5
33548,95,7
33558,95,7
33568,95,7
33579,95,7
33589,95,7
33599,95,7
33609,95,7
33619,95,7
33629,95,7
33639,95,7
33650,95,7
33660,95,7
33670,95,7
33680,95,7
33690,95,7
33700,95,7
33713,95,7
33723,95,7
33733,95,7
33743,95,7
33754,100,5
33764,100,5
33774,100,5
33784,100,5
33794,100,5
33804,100,5
33814,100,5
33824,100,5
33835,100,5
33845,100,5
33855,100,5
33865,100,5
33875,100,5
33885,100,5
33895,100,5
33906,100,5
33916,100,5
33926,100,5
33936,100,5
33946,100,5
33956,100,5
33966,100,5
33976,100,5
33987,100,5
33997,100,5
34007,100,5
34017,100,5
34027,100,5
34037,100,5
34047,100,5
34057,100,5
34068,100,5
34078,100,5
34088,100,5
34098,100,5
34108,100,5
34118,100,5
34128,100,5
34138,100,5
34149,85,6
34159,85,6
34169,85,6
34179,85,6
34189,85,6
34199,85,6
34209,85,6
34219,85,6
34230,85,6
34240,85,6
34250,85,6
34260,85,6
34270,85,6
34280,85,6
34290,85,6
34300,85,6
34310,85,6
34321,85,6
34331,85,6
34341,85,6
34351,100,5
34361,100,5
34371,100,5
34381,100,5
34391,100,5
34402,100,5
34412,100,5
34422,100,5
34432,100,5
34442,100,5
34452,100,5
34462,100,5
34472,100,5
34483,100,5
34493,100,5
34503,100,5
34513,100,5
34523,100,5
34533,100,5
34543,100,5
34553,100,5
34563,100,5
34574,100,5
34584,100,5
34594,100,5
34604,100,5
34614,100,5
34624,100,5
34634,100,5
34645,100,5
34655,100,5
34665,100,5
34675,100,5
34685,100,5
34695,100,5
34705,100,5
34715,100,5
34726,100,5
34736,100,5
34746,100,5
34756,85,6
34766,85,6
34776,85,6
34787,85,6
34797,85,6
34807,85,6
34817,85,6
34827,85,6
34837,85,6
34848,85,6
34858,85,6
34868,85,6
34878,85,6
34888,85,6
34899,85,6
34909,85,6
34919,85,6
34929,85,6
34939,85,6
34949,85,6
34959,80,3
34969,80,3
34980,80,3
34990,80,3
35000,80,3
35010,80,3
35020,80,3
35030,80,3
35040,80,3
35050,80,3
35061,80,3
35071,80,3
35081,80,3
35091,80,3
35101,80,3
35111,80,3
35121,80,3
35132,80,3
35142,80,3
35152,100,5
35162,100,5
35172,100,5
35183,100,5
35193,100,5
35203,100,5
35213,100,5
35223,100,5
35233,100,5
35243,100,5
35253,100,5
35264,100,5
35274,100,5
35284,100,5
35294,100,5
35304,100,5
35314,100,5
35324,100,5
35335,100,5
35345,100,5
35355,85,6
35365,85,6
35375,85,6
35385,85,6
35395,85,6
35405,85,6
35416,85,6
35426,85,6
35436,85,6
35446,85,6
35456,85,6
35466,85,6
35476,85,6
35486,85,6
35496,85,6
35507,85,6
35517,85,6
35527,85,6
35537,85,6
35547,85,6
35557,100,5
35570,100,5
35581,100,5
35591,100,5
35602,100,5
35612,100,5
35622,100,5
35633,100,5
35643,100,5
35653,100,5
35663,100,5
35673,100,5
35683,100,5
35693,100,5
35704,100,5
35714,100,5
35724,100,5
35736,100,5
35746,100,5
35757,100,5
35767,100,5
35777,100,5
35787,100,5
35797,100,5
35807,100,5
35818,100,5
35828,100,5
35838,100,5
35848,100,5
35858,100,5
35868,100,5
35878,100,5
35889,100,5
35899,100,5
35909,100,5
35919,100,5
35929,100,5
35939,100,5
35949,100,5
35960,100,5
35970,100,5
35980,100,5
35990,100,5
36000,100,5
36010,100,5
36020,100,5
36031,100,5
36041,100,5
36051,100,5
36061,100,5
36071,100,5
36081,100,5
36091,100,5
36101,100,5
36112,100,5
36122,100,5
36132,100,5
36142,100,5
36153,100,5
36163,100,5
36173,100,5
36183,100,5
36193,100,5
36203,100,5
36213,100,5
36223,100,5
36234,100,5
36244,100,5
36254,100,5
36264,100,5
36274,100,5
36284,100,5
36294,100,5
36305,100,5
36315,100,5
36325,100,5
36335,100,5
36345,100,5
36355,90,4
36365,70,2
36375,70,2
36386,70,2
36396,70,2
36406,70,2
36416,70,2
36426,70,2
36436,70,2
36446,70,2
36457,70,2
36467,70,2
36477,70,2
36487,70,2
36497,70,2
36507,70,2
36517,70,2
36528,70,2
36538,70,2
36548,70,2
36558,80,3
36568,80,3
36578,80,3
36588,80,3
36598,80,3
36609,80,3
36619,80,3
36629,80,3
36639,80,3
36649,80,3
36659,80,3
36669,80,3
36680,80,3
36690,80,3
36700,80,3
36710,80,3
36720,80,3
36730,80,3
36740,80,3
36750,80,3
36761,90,4
36771,90,4
36781,90,4
36791,90,4
36801,90,4
36811,90,4
36821,90,4
36832,90,4
36842,90,4
36852,90,4
36862,90,4
36872,90,4
36882,90,4
36892,90,4
36903,90,4
36913,90,4
36923,90,4
36933,90,4
36943,90,4
36953,90,4
36963,100,5
36974,100,5
36984,100,5
36994,100,5
37004,100,5
37014,100,5
37024,100,5
37034,100,5
37045,100,5
37055,100,5
37065,100,5
37075,100,5
37085,100,5
37095,100,5
37105,100,5
37115,100,5
37126,100,5
37136,100,5
37146,100,5
37156,100,5
37166,90,4
37176,90,4
37186,90,4
37197,90,4
37207,90,4
37217,90,4
37227,90,4
37237,90,4
37247,90,4
37257,90,4
37267,90,4
37278,90,4
37288,90,4
37298,90,4
37308,90,4
37318,90,4
37328,90,4
37338,90,4
37348,90,4
37359,90,4
37369,75,5
37379,75,5
37389,75,5
37399,75,5
37409,75,5
37419,75,5
37430,75,5
37440,75,5
37450,75,5
37460,75,5
37470,75,5
37480,75,5
37490,75,5
37500,75,5
37511,75,5
37521,75,5
37531,75,5
37541,75,5
37551,75,5
37561,75,5
37571,75,5
37581,75,5
37592,75,5
37602,75,5
37612,75,5
37622,75,5
37632,75,5
37642,75,5
37652,75,5
37662,75,5
37673,75,5
37683,75,5
37694,75,5
37704,75,5
37714,75,5
37724,75,5
37734,75,5
37744,75,5
37754,75,5
37764,100,5
37774,100,5
37786,100,5
37797,100,5
37807,100,5
37817,100,5
37827,100,5
37837,100,5
37848,100,5
37858,100,5
37868,100,5
37878,100,5
37888,100,5
37898,100,5
37908,100,5
37918,100,5
37928,100,5
37939,100,5
37949,100,5
37959,100,5
37969,95,7
37979,95,7
37989,95,7
37999,95,7
38009,95,7
38020,95,7
38030,95,7
38040,95,7
38050,95,7
38060,95,7
38070,95,7
38080,95,7
38090,95,7
38100,95,7
38111,95,7
38121,95,7
38131,95,7
38141,95,7
38151,95,7
38161,95,7
38171,80,3
38182,80,3
38192,80,3
38202,80,3
38212,80,3
38222,80,3
38232,80,3
38242,80,3
38252,80,3
38262,80,3
38273,80,3
38283,80,3
38293,80,3
38303,80,3
38313,80,3
38323,80,3
38333,80,3
38343,80,3
38353,80,3
38364,0,0
38374,90,4
38384,90,4
38394,90,4
38404,90,4
38414,90,4
38425,90,4
38436,90,4
38447,90,4
38457,90,4
38467,90,4
38477,90,4
38487,90,4
38497,90,4
38507,90,4
38518,90,4
38528,90,4
38538,90,4
38548,90,4
38558,90,4
38568,100,5
38578,100,5
38588,100,5
38599,100,5
38609,100,5
38619,100,5
38629,100,5
38639,100,5
38649,100,5
38659,100,5
38669,100,5
38680,100,5
38690,100,5
38700,100,5
38710,100,5
38720,100,5
38730,100,5
38740,100,5
38750,100,5
38761,100,5
38771,75,5
38781,75,5
38791,75,5
38801,75,5
38811,75,5
38821,75,5
38831,75,5
38841,75,5
38852,75,5
38862,75,5
38872,75,5
38882,75,5
38892,75,5
38902,75,5
38912,75,5
38922,75,5
38933,75,5
38943,75,5
38953,75,5
38963,75,5
38973,45,2
38983,45,2
38993,45,2
39003,45,2
39013,45,2
39024,45,2
39034,45,2
39044,45,2
39054,45,2
39064,45,2
39074,45,2
39084,45,2
39095,45,2
39105,45,2
39115,45,2
39125,45,2
39135,45,2
39145,45,2
39158,45,2
39168,0,0
